<?xml version='1.0' encoding='utf-8' ?>
<!DOCTYPE authorgroup PUBLIC "-//OASIS//DTD DocBook XML V4.5//EN" "http://www.oasis-open.org/docbook/xml/4.5/docbookx.dtd" [
]>
<authorgroup>
  <author>
    <firstname>Andrew</firstname><surname>Beekhof</surname>
    <affiliation><orgname>Red Hat</orgname></affiliation>
    <contrib>Primary author</contrib>
    <email>andrew@beekhof.net</email>
  </author>
  <othercredit class="translator">
    <firstname>Dan</firstname><surname>Frîncu</surname>
    <contrib>Romanian translation</contrib>
    <email>df.cluster@gmail.com</email>
  </othercredit>
  <othercredit>
    <firstname>Philipp</firstname><surname>Marek</surname>
    <affiliation><orgname>LINBit</orgname></affiliation>
    <contrib>Style and formatting updates. Indexing.</contrib>
    <email>philipp.marek@linbit.com</email>
  </othercredit>
  <othercredit>
    <firstname>Tanja</firstname><surname>Roth</surname>
    <affiliation><orgname>SUSE</orgname></affiliation>
    <contrib>Utilization chapter</contrib>
    <contrib>Resource Templates chapter</contrib>
    <contrib>Multi-Site Clusters chapter</contrib>
    <email>taroth@suse.com</email>
  </othercredit>
  <othercredit>
    <firstname>Lars</firstname><surname>Marowsky-Bree</surname>
    <affiliation><orgname>SUSE</orgname></affiliation>
    <contrib>Multi-Site Clusters chapter</contrib>
    <email>lmb@suse.com</email>
  </othercredit>
  <othercredit>
    <firstname>Yan</firstname><surname>Gao</surname>
    <affiliation><orgname>SUSE</orgname></affiliation>
    <contrib>Utilization chapter</contrib>
    <contrib>Resource Templates chapter</contrib>
    <contrib>Multi-Site Clusters chapter</contrib>
    <email>ygao@suse.com</email>
  </othercredit>
  <othercredit>
    <firstname>Thomas</firstname><surname>Schraitle</surname>
    <affiliation><orgname>SUSE</orgname></affiliation>
    <contrib>Utilization chapter</contrib>
    <contrib>Resource Templates chapter</contrib>
    <contrib>Multi-Site Clusters chapter</contrib>
    <email>toms@suse.com</email>
  </othercredit>
  <othercredit>
    <firstname>Dejan</firstname><surname>Muhamedagic</surname>
    <affiliation><orgname>SUSE</orgname></affiliation>
    <contrib>Resource Templates chapter</contrib>
    <email>dmuhamedagic@suse.com</email>
  </othercredit>
</authorgroup>
