<?xml version='1.0' encoding='utf-8' ?>
<!DOCTYPE appendix PUBLIC "-//OASIS//DTD DocBook XML V4.5//EN" "http://www.oasis-open.org/docbook/xml/4.5/docbookx.dtd" [
]>
<appendix>
  <!-- see comment in Book_Info.xml for revision numbering -->
  <title>Revision History</title>
  <simpara>
    <revhistory>
      <revision>
        <revnumber>1-0</revnumber>
        <date>19 Oct 2009</date>
        <author><firstname>Andrew</firstname><surname>Beekhof</surname><email>andrew@beekhof.net</email></author>
        <revdescription><simplelist><member>Import from Pages.app</member></simplelist></revdescription>
      </revision>
      <revision>
        <revnumber>2-0</revnumber>
        <date>26 Oct 2009</date>
        <author><firstname>Andrew</firstname><surname>Beekhof</surname><email>andrew@beekhof.net</email></author>
        <revdescription><simplelist><member>Cleanup and reformatting of docbook xml complete</member></simplelist></revdescription>
      </revision>
      <revision>
        <revnumber>3-0</revnumber>
        <date>Tue Nov 12 2009</date>
        <author><firstname>Andrew</firstname><surname>Beekhof</surname><email>andrew@beekhof.net</email></author>
        <revdescription>
          <simplelist>
            <member>Split book into chapters and pass validation</member>
            <member>Re-organize book for use with <ulink url="https://fedorahosted.org/publican/">Publican</ulink></member>
          </simplelist>
        </revdescription>
      </revision>
      <revision>
        <revnumber>4-0</revnumber>
        <date>Mon Oct 8 2012</date>
        <author><firstname>Andrew</firstname><surname>Beekhof</surname><email>andrew@beekhof.net</email></author>
        <revdescription>
          <simplelist>
            <member>
	      Converted to <ulink url="http://www.methods.co.nz/asciidoc">asciidoc</ulink>
	      (which is converted to docbook for use with 
	      <ulink url="https://fedorahosted.org/publican/">Publican</ulink>)
	    </member>
          </simplelist>
        </revdescription>
      </revision>
      <revision>
        <revnumber>5-0</revnumber>
        <date>Mon Feb 23 2015</date>
        <author><firstname>Ken</firstname><surname>Gaillot</surname><email>kgaillot@redhat.com</email></author>
        <revdescription>
          <simplelist>
            <member>
	      Update for clarity, stylistic consistency and current command-line syntax
	    </member>
          </simplelist>
        </revdescription>
      </revision>
      <revision>
        <revnumber>6-0</revnumber>
        <date>Tue Dec 8 2015</date>
        <author><firstname>Ken</firstname><surname>Gaillot</surname><email>kgaillot@redhat.com</email></author>
        <revdescription>
          <simplelist>
            <member>
	      Update for Pacemaker 1.1.14
	    </member>
          </simplelist>
        </revdescription>
      </revision>
      <revision>
        <revnumber>7-0</revnumber>
        <date>Tue May 3 2016</date>
        <author><firstname>Ken</firstname><surname>Gaillot</surname><email>kgaillot@redhat.com</email></author>
        <revdescription>
          <simplelist>
            <member>
	      Update for Pacemaker 1.1.15
	    </member>
          </simplelist>
        </revdescription>
      </revision>
      <revision>
        <revnumber>7-1</revnumber>
        <date>Fri Oct 28 2016</date>
        <author><firstname>Ken</firstname><surname>Gaillot</surname><email>kgaillot@redhat.com</email></author>
        <revdescription>
          <simplelist>
            <member>
	      Overhaul upgrade documentation, and document node health strategies
	    </member>
          </simplelist>
        </revdescription>
      </revision>
      <revision>
        <revnumber>8-0</revnumber>
        <date>Tue Oct 25 2016</date>
        <author><firstname>Ken</firstname><surname>Gaillot</surname><email>kgaillot@redhat.com</email></author>
        <revdescription>
          <simplelist>
            <member>
	      Update for Pacemaker 1.1.16
	    </member>
          </simplelist>
        </revdescription>
      </revision>
    </revhistory>
  </simpara>
</appendix>
