<?xml version='1.0' encoding='utf-8' ?>
<!DOCTYPE authorgroup PUBLIC "-//OASIS//DTD DocBook XML V4.5//EN" "http://www.oasis-open.org/docbook/xml/4.5/docbookx.dtd" [
]>
<authorgroup>
  <author>
    <firstname>Andrew</firstname><surname>Beekhof</surname>
    <affiliation><orgname>Red Hat</orgname></affiliation>
    <contrib>Primary author</contrib>
    <email>andrew@beekhof.net</email>
  </author>
  <othercredit class="translator">
    <firstname>Raoul</firstname><surname>Scarazzini</surname>
    <contrib>Italian translation</contrib>
    <email>rasca@miamammausalinux.org</email>
  </othercredit>
  <othercredit class="translator">
    <firstname>Dan</firstname><surname>Frîncu</surname>
    <contrib>Romanian translation</contrib>
    <email>df.cluster@gmail.com</email>
  </othercredit>
</authorgroup>
