<?xml version='1.0' encoding='utf-8' ?>
<!DOCTYPE book PUBLIC "-//OASIS//DTD DocBook XML V4.5//EN" "http://www.oasis-open.org/docbook/xml/4.5/docbookx.dtd" [
<!ENTITY % BOOK_ENTITIES SYSTEM "Clusters_from_Scratch.ent">
%BOOK_ENTITIES;
]>
<book>
	<xi:include href="Book_Info.xml" xmlns:xi="http://www.w3.org/2001/XInclude" />
	<xi:include href="Preface.xml" xmlns:xi="http://www.w3.org/2001/XInclude" />
	<xi:include href="Ch-Intro.xml" xmlns:xi="http://www.w3.org/2001/XInclude" />
	<xi:include href="Ch-Installation.xml" xmlns:xi="http://www.w3.org/2001/XInclude" />
	<xi:include href="Ch-Tools.xml" xmlns:xi="http://www.w3.org/2001/XInclude" />
	<xi:include href="Ch-Verification.xml" xmlns:xi="http://www.w3.org/2001/XInclude" />
	<xi:include href="Ch-Active-Passive.xml" xmlns:xi="http://www.w3.org/2001/XInclude" />
	<xi:include href="Ch-Apache.xml" xmlns:xi="http://www.w3.org/2001/XInclude" />
	<xi:include href="Ch-Shared-Storage.xml" xmlns:xi="http://www.w3.org/2001/XInclude" />
	<xi:include href="Ch-Stonith.xml" xmlns:xi="http://www.w3.org/2001/XInclude" />
	<xi:include href="Ch-Active-Active.xml" xmlns:xi="http://www.w3.org/2001/XInclude" />
	<xi:include href="Ap-Configuration.xml" xmlns:xi="http://www.w3.org/2001/XInclude" />
	<xi:include href="Ap-Corosync-Conf.xml" xmlns:xi="http://www.w3.org/2001/XInclude" />
	<xi:include href="Ap-Reading.xml" xmlns:xi="http://www.w3.org/2001/XInclude" />
	<xi:include href="Revision_History.xml" xmlns:xi="http://www.w3.org/2001/XInclude" />
	<index />
</book>

