<?xml version='1.0' encoding='utf-8' ?>
<!DOCTYPE appendix PUBLIC "-//OASIS//DTD DocBook XML V4.5//EN" "http://www.oasis-open.org/docbook/xml/4.5/docbookx.dtd" [
<!ENTITY % BOOK_ENTITIES SYSTEM "Clusters_from_Scratch.ent">
%BOOK_ENTITIES;
]>
<appendix id="appe-Clusters_from_Scratch-Revision_History">
	<!-- see comment in Book_Info.xml for revision numbering -->
	<title>Revision History</title>
	<simpara>
		<revhistory>
			<revision>
			  <revnumber>1-0</revnumber>
			  <date>Mon May 17 2010</date>
			  <author><firstname>Andrew</firstname><surname>Beekhof</surname><email>andrew@beekhof.net</email></author>
			  <revdescription><simplelist><member>Import from Pages.app</member></simplelist></revdescription>
			</revision>
			<revision>
			  <revnumber>2-0</revnumber>
			  <date>Wed Sep 22 2010</date>
			  <author><firstname>Raoul</firstname><surname>Scarazzini</surname><email>rasca@miamammausalinux.org</email></author>
			  <revdescription><simplelist><member>Italian translation</member></simplelist></revdescription>
			</revision>
			<revision>
			  <revnumber>3-0</revnumber>
			  <date>Wed Feb 9 2011</date>
			  <author><firstname>Andrew</firstname><surname>Beekhof</surname><email>andrew@beekhof.net</email></author>
			  <revdescription><simplelist><member>Updated for Fedora 13</member></simplelist></revdescription>
			</revision>
			<revision>
			  <revnumber>4-0</revnumber>
			  <date>Wed Oct 5 2011</date>
			  <author><firstname>Andrew</firstname><surname>Beekhof</surname><email>andrew@beekhof.net</email></author>
			  <revdescription><simplelist><member>Update the GFS2 section to use CMAN</member></simplelist></revdescription>
			</revision>
			<revision>
			  <revnumber>5-0</revnumber>
			  <date>Fri Feb 10 2012</date>
			  <author><firstname>Andrew</firstname><surname>Beekhof</surname><email>andrew@beekhof.net</email></author>
			  <revdescription><simplelist><member>Generate docbook content from asciidoc sources</member></simplelist></revdescription>
			</revision>
			<revision>
			  <revnumber>6-0</revnumber>
			  <date>Tues July 3 2012</date>
			  <author><firstname>Andrew</firstname><surname>Beekhof</surname><email>andrew@beekhof.net</email></author>
			  <revdescription><simplelist><member>Updated for Fedora 17</member></simplelist></revdescription>
			</revision>
			<revision>
			  <revnumber>7-0</revnumber>
			  <date>Fri Sept 14 2012</date>
			  <author><firstname>David</firstname><surname>Vossel</surname><email>davidvossel@gmail.com</email></author>
			  <revdescription><simplelist><member>Updated for pcs</member></simplelist></revdescription>
			</revision>
			<revision>
			  <revnumber>8-0</revnumber>
			  <date>Mon Jan 05 2015</date>
			  <author><firstname>Ken</firstname><surname>Gaillot</surname><email>kgaillot@redhat.com</email></author>
			  <revdescription><simplelist><member>Updated for Fedora 21</member></simplelist></revdescription>
			</revision>
			<revision>
			  <revnumber>8-1</revnumber>
			  <date>Thu Jan 08 2015</date>
			  <author><firstname>Ken</firstname><surname>Gaillot</surname><email>kgaillot@redhat.com</email></author>
			  <revdescription><simplelist><member>Minor corrections, plus use include file for intro</member></simplelist></revdescription>
			</revision>
			<revision>
			  <revnumber>9-0</revnumber>
			  <date>Fri Aug 14 2015</date>
			  <author><firstname>Ken</firstname><surname>Gaillot</surname><email>kgaillot@redhat.com</email></author>
			  <revdescription><simplelist><member>Update for CentOS 7.1 and leaving firewalld/SELinux enabled</member></simplelist></revdescription>
			</revision>
		</revhistory>
	</simpara>
</appendix>

