<?xml version='1.0' encoding='utf-8' ?>
<!DOCTYPE authorgroup PUBLIC "-//OASIS//DTD DocBook XML V4.5//EN" "http://www.oasis-open.org/docbook/xml/4.5/docbookx.dtd" [
]>
<authorgroup>
  <author>
    <firstname>Andrew</firstname><surname>Beekhof</surname>
    <affiliation><orgname>Red Hat</orgname></affiliation>
    <contrib>Co-author</contrib>
    <email>andrew@beekhof.net</email>
  </author>
  <author>
    <firstname>Ken</firstname><surname>Gaillot</surname>
    <affiliation><orgname>Red Hat</orgname></affiliation>
    <contrib>Co-author</contrib>
    <email>kgaillot@redhat.com</email>
  </author>
</authorgroup>
