<?xml version='1.0' encoding='utf-8' ?>
<!DOCTYPE appendix PUBLIC "-//OASIS//DTD DocBook XML V4.5//EN" "http://www.oasis-open.org/docbook/xml/4.5/docbookx.dtd" [
<!ENTITY % BOOK_ENTITIES SYSTEM "Pacemaker_Development.ent">
%BOOK_ENTITIES;
]>
<appendix id="appe-Pacemaker_Development-Revision_History">
  <!-- see comment in Book_Info.xml for revision numbering -->
  <title>Revision History</title>
  <simpara>
    <revhistory>

      <revision>
        <revnumber>1-0</revnumber>
        <date>Tue Jul 26 2016</date>
        <author>
          <firstname>Ken</firstname><surname>Gaillot</surname>
          <email>kgaillot@redhat.com</email>
        </author>
        <revdescription>
          <simplelist><member>Convert coding guidelines and developer FAQ
                              to Publican document</member></simplelist>
        </revdescription>
      </revision>

      <revision>
        <revnumber>1-1</revnumber>
        <date>Mon Aug 29 2016</date>
        <author>
          <firstname>Ken</firstname><surname>Gaillot</surname>
          <email>kgaillot@redhat.com</email>
        </author>
        <revdescription>
          <simplelist><member>Add Python coding guidelines, and
                              more about licensing</member></simplelist>
        </revdescription>
      </revision>

    </revhistory>
  </simpara>
</appendix>
