<?xml version='1.0' encoding='utf-8' ?>
<!DOCTYPE section PUBLIC "-//OASIS//DTD DocBook XML V4.5//EN" "http://www.oasis-open.org/docbook/xml/4.5/docbookx.dtd" [
]>
<section>
  <title>We Need Feedback!</title>
  <indexterm>
    <primary>feedback</primary>
    <secondary>contact information for this manual</secondary>
  </indexterm>
  <para>
    If you find a typographical error in this manual, or if you have thought of a way to make this manual better, we would love to hear from you! 
    Please submit a report in Bugzilla<footnote><para><ulink url="http://bugs.clusterlabs.org"/></para></footnote> against the product <application>&PRODUCT;.</application>
  </para>
  <para>
    When submitting a bug report, be sure to mention the manual's identifier: <citetitle>&BOOKID;</citetitle>
  </para>
  <para>
    If you have a suggestion for improving the documentation, try to be as specific as possible when describing it.
    If you have found an error, please include the section number and some of the surrounding text so we can find it easily.
  </para>
</section>
