<?xml version='1.0' encoding='utf-8' ?>
<!DOCTYPE legalnotice PUBLIC "-//OASIS//DTD DocBook XML V4.5//EN" "http://www.oasis-open.org/docbook/xml/4.5/docbookx.dtd" [
]>
<legalnotice>
  <para>
    Copyright <trademark class="copyright"></trademark> &YEAR; &HOLDER;.
  </para>
  <para>
    The text of and illustrations in this document are licensed under version
    4.0 or later of the Creative Commons Attribution-ShareAlike International
    Public License ("CC-BY-SA")<footnote><para>An explanation of CC-BY-SA is
    available at <ulink url="https://creativecommons.org/licenses/by-sa/4.0/" />
    </para></footnote>.
  </para>
  <para>
    In accordance with CC-BY-SA, if you distribute this document or an adaptation of it, you must provide the URL for the original version.
  </para>
  <para>
    In addition to the requirements of this license, the following activities are looked upon favorably:
    <orderedlist>
      <listitem>
	<para>
	  If you are distributing Open Publication works on hardcopy or CD-ROM, you provide email notification to the authors of your intent to redistribute at least thirty days before your manuscript or media freeze, to give the authors time to provide updated documents.
	  This notification should describe modifications, if any, made to the document.
	</para>
      </listitem>
      <listitem>
	<para>
	  All substantive modifications (including deletions) be either clearly marked up in the document or else described in an attachment to the document.
	</para>
      </listitem>
      <listitem>
	<para>
	  Finally, while it is not mandatory under this license, it is considered good form to offer a free copy of any hardcopy or CD-ROM expression of the author(s) work.
	</para>
      </listitem>
    </orderedlist>
  </para>
</legalnotice>
