<?xml version='1.0' encoding='utf-8' ?>
<!DOCTYPE appendix PUBLIC "-//OASIS//DTD DocBook XML V4.5//EN" "http://www.oasis-open.org/docbook/xml/4.5/docbookx.dtd" [
<!ENTITY % BOOK_ENTITIES SYSTEM "Pacemaker_Remote.ent">
%BOOK_ENTITIES;
]>
<appendix id="appe-Pacemaker_Remote-Revision_History">
	<!-- see comment in Book_Info.xml for revision numbering -->
	<title>Revision History</title>
	<simpara>
		<revhistory>
			<revision>
			  <revnumber>1-0</revnumber>
			  <date>Tue Mar 19 2013</date>
			  <author><firstname>David</firstname><surname>Vossel</surname><email>davidvossel@gmail.com</email></author>
			  <revdescription><simplelist><member>Import from Pages.app</member></simplelist></revdescription>
			</revision>
			<revision>
			  <revnumber>2-0</revnumber>
			  <date>Tue May 13 2013</date>
			  <author><firstname>David</firstname><surname>Vossel</surname><email>davidvossel@gmail.com</email></author>
			  <revdescription><simplelist><member>Added Future Features Section</member></simplelist></revdescription>
			</revision>
			<revision>
			  <revnumber>3-0</revnumber>
			  <date>Fri Oct 18 2013</date>
			  <author><firstname>David</firstname><surname>Vossel</surname><email>davidvossel@gmail.com</email></author>
			  <revdescription><simplelist><member>Added Baremetal remote-node feature documentation</member></simplelist></revdescription>
			</revision>
			<revision>
			  <revnumber>4-0</revnumber>
			  <date>Tue Aug 25 2015</date>
			  <author><firstname>Ken</firstname><surname>Gaillot</surname><email>kgaillot@redhat.com</email></author>
			  <revdescription><simplelist><member>Targeted CentOS 7.1 and Pacemaker 1.1.12+, updated for current terminology and practice</member></simplelist></revdescription>
			</revision>
			<revision>
			  <revnumber>5-0</revnumber>
			  <date>Tue Dec 8 2015</date>
			  <author><firstname>Ken</firstname><surname>Gaillot</surname><email>kgaillot@redhat.com</email></author>
			  <revdescription><simplelist><member>Updated for Pacemaker 1.1.14</member></simplelist></revdescription>
			</revision>
			<revision>
			  <revnumber>6-0</revnumber>
			  <date>Tue May 3 2016</date>
			  <author><firstname>Ken</firstname><surname>Gaillot</surname><email>kgaillot@redhat.com</email></author>
			  <revdescription><simplelist><member>Updated for Pacemaker 1.1.15</member></simplelist></revdescription>
			</revision>
			<revision>
			  <revnumber>7-0</revnumber>
			  <date>Mon Oct 31 2016</date>
			  <author><firstname>Ken</firstname><surname>Gaillot</surname><email>kgaillot@redhat.com</email></author>
			  <revdescription><simplelist><member>Updated for Pacemaker 1.1.16</member></simplelist></revdescription>
			</revision>
		</revhistory>
	</simpara>
</appendix>
